<?xml version="1.0" encoding="UTF-8"?>
<!DOCTYPE suite SYSTEM "http://testng.org/testng-1.0.dtd" >
<suite name="MSite">

<listeners>
		<listener class-name="com.Msite.Utilities.Reporting" />
	</listeners>
	  
       <test name="SearchInAmazonPageTest">
  <parameter name ="browser" value ="chrome"/>
    <classes>
     <class name="com.Msite.TestScripts.SearchInAmazonPageTest">
        </class>
    </classes>
  </test>   
  
  <!--  <test name="SmokeTest">
  <parameter name ="browser" value ="chrome"/>
    <classes>
     <class name="com.Msite.TestScripts.SmokeTest">
        </class>
    </classes>
  </test> 
  -->
   <!--  <test name="DashboardPageTest">
  <parameter name ="browser" value ="chrome"/>
    <classes>
     <class name="com.Msite.TestScripts.DashboardPageTest">
             </class>
    </classes>
  </test>
  
    <test name="ContractorsPageTest">
  <parameter name ="browser" value ="chrome"/>
    <classes>
     <class name="com.Msite.TestScripts.ContractorsPageTest">
      </class>
    </classes>
  </test>    
   
       <test name="EmployeesPageTest">
  <parameter name ="browser" value ="chrome"/>
    <classes>
     <class name="com.Msite.TestScripts.EmployeesPageTest">    
      </class>
    </classes>
  </test>  
    
  <test name="TrainingClassroomPageTest">
  <parameter name ="browser" value ="chrome"/>
    <classes>
     <class name="com.Msite.TestScripts.TrainingClassroomPageTest"/>
    </classes>
  </test>   
   
   <test name="TrainingOnlinePageTest">
  <parameter name ="browser" value ="chrome"/>
    <classes>
     <class name="com.Msite.TestScripts.TrainingOnlinePageTest"> 
       </class>
    </classes>
  </test>   
      
      <test name="ReportPageTest">
  <parameter name ="browser" value ="chrome"/>
    <classes>
     <class name="com.Msite.TestScripts.ReportPageTest">     
      </class>
    </classes>
  </test>    
    
 
   
        <test name="DeliveryManagementPageTest">
  <parameter name ="browser" value ="chrome"/>
    <classes>
     <class name="com.Msite.TestScripts.DeliveryManagementPageTest"> 
       </class>
    </classes>
  </test>  
  
   <test name="IDCheckPageTest">
  <parameter name ="browser" value ="chrome"/>
    <classes>
     <class name="com.Msite.TestScripts.IDCheckPageTest">  
      </class>
    </classes>
  </test>  
  
     <test name="UsersPageTest">
  <parameter name ="browser" value ="chrome"/>
    <classes>
     <class name="com.Msite.TestScripts.UsersPageTest">  
      </class>
    </classes>
  </test> 

  <test name="EmployeeRolePageTest">
  <parameter name ="browser" value ="chrome"/>
    <classes>
     <class name="com.Msite.TestScripts.EmployeeRolePageTest">  
      </class>
    </classes>
  </test> 
  
    <test name="SiteConfigurationPageTest">
  <parameter name ="browser" value ="chrome"/>
    <classes>
     <class name="com.Msite.TestScripts.SiteConfigurationPageTest">  
      </class>
    </classes>
  </test>  
  -->
</suite>